id,bandId,indicatorId
11874,38,1747
11880,38,1748
11886,38,1749
11892,38,1750
11898,38,1751
11904,38,1752
11910,38,1753
11916,38,1754
11922,38,1755
11928,38,1756
11934,38,1757
11940,38,1758
11946,38,1759
11952,38,1761
11958,38,1762
11964,38,1763
11970,38,1764
11976,38,1765
11982,38,1766
11988,36,1767
11994,38,1769
12000,34,1771
12006,36,1773
12012,36,1774
12018,36,1775
12024,36,1776
12030,35,1777
12036,35,1778
12042,36,1779
12048,36,1780
12054,36,1781
12060,36,1782
12066,36,1783
12072,36,1784
12078,36,1785
12084,39,1786
12090,36,1787
12096,36,1788
12102,36,1789
12108,36,1790
12114,36,1791
12120,36,1792
12126,36,1793
12132,39,1794
12138,36,1795
12144,36,1796
12150,36,1797
12156,36,1798
12162,36,1799
12168,36,1800
12174,36,1801
12180,36,1802
12186,36,1803
12192,36,1804
12198,35,1805
12204,36,1806
12210,36,1807
12216,36,1808
12222,36,1809
12228,36,1810
12234,36,1811
12240,35,1812
12246,36,1813
12252,36,1814
12258,36,1815
12264,36,1816
12270,35,1817
12276,34,1819
12282,34,1820
12288,34,1821
12294,34,1822
12300,34,1823
12306,34,1824
12312,32,1825
12318,34,1827
12324,32,1828
12330,33,1829
12336,64,1830
12342,34,1831
12348,32,1832
12354,34,1833
12366,31,1835
12372,32,1837
12378,34,1838
12384,32,1839
12396,36,1841
12402,34,1842
12408,34,1844
12414,34,1845
12420,34,1846
12426,39,1847
12432,37,1848
12438,39,1849
12444,39,1850
12450,37,1851
12456,39,1852
12462,39,1853
12468,39,1854
12474,37,1855
12480,37,1856
12486,37,1857
12492,37,1858
12498,37,1859
12504,37,1860
12510,37,1861
12516,37,1865
12522,37,1866
12528,37,1867
12534,37,1868
12540,37,1869
12546,39,1871
12552,39,1872
12558,39,1873
12564,39,1874
12570,39,1875
12576,39,1876
12582,39,1877
12588,39,1878
12594,39,1879
12600,39,1880
12606,39,1881
12612,39,1882
12618,39,1883
12648,39,1889
12666,35,1892
12672,39,1894
12678,39,1895
12684,39,1896
12690,39,1897
12696,39,1898
12702,39,1899
12708,39,1900
12714,39,1901
12720,39,1902
12726,39,1903
12732,39,1904
12738,39,1905
12744,39,1906
12750,39,1907
12756,39,1908
12762,39,1909
12768,39,1910
12774,39,1911
12780,39,1912
12786,39,1913
12792,39,1914
12798,39,1915
12804,39,1916
12810,39,1917
12816,39,1918
12822,39,1919
12828,34,1921
12835,34,1923
12841,34,1924
12847,34,1925
12853,33,1928
12859,34,1929
12865,33,1930
12883,34,1933
12889,34,1936
12895,34,1939
12901,34,1940
12907,34,1941
12913,34,1942
12919,34,1943
12925,34,1944
12931,38,1948
12937,38,1949
12943,38,1950
12949,38,1951
12955,38,1952
12961,38,1953
12967,38,1954
12973,38,1955
12979,38,1956
12985,38,1958
12991,38,1959
12997,38,1960
13003,38,1961
13009,38,1962
13015,38,1963
13021,38,1964
13027,38,1965
13033,38,1966
13039,38,1967
13045,38,1968
13051,38,1970
13057,38,1971
13063,38,1972
13069,38,1973
13075,38,1974
13081,38,1976
13087,38,1977
13093,38,1978
13097,36,1922
13098,38,1920
13099,36,1926
13100,36,1927
13101,38,1969
13102,39,1893
13103,39,1884
13104,38,1975
13105,37,1863
13106,39,1979
13107,36,1818
13108,36,1772
13109,36,1836
13110,37,1934
13111,38,1957
13112,34,1935
13114,53,1885
13117,56,1890
13119,37,1937
13120,37,1870
13121,36,1843
13122,36,1768
13123,36,1938
13124,36,1760
13125,37,1864
13126,36,1826
13127,38,1770
13128,36,1945
13129,34,1946
13130,36,1947
13131,37,1862
13132,21,1835
13133,11,1835
13134,22,1825
13135,12,1825
13136,22,1828
13137,12,1828
13138,22,1832
13139,12,1832
13140,22,1837
13141,12,1837
13142,22,1839
13143,12,1839
13146,23,1829
13147,13,1829
13148,23,1928
13149,13,1928
13150,23,1930
13151,13,1930
13156,24,1771
13157,14,1771
13158,24,1819
13159,14,1819
13160,24,1820
13161,14,1820
13162,24,1821
13163,14,1821
13164,24,1822
13165,14,1822
13166,24,1823
13167,14,1823
13168,24,1824
13169,14,1824
13170,24,1827
13171,14,1827
13172,63,1830
13174,24,1831
13175,14,1831
13176,24,1833
13177,14,1833
13180,24,1838
13181,14,1838
13182,24,1842
13183,14,1842
13184,24,1844
13185,14,1844
13186,24,1845
13187,14,1845
13188,24,1846
13189,14,1846
13190,24,1921
13191,14,1921
13192,24,1923
13193,14,1923
13194,24,1924
13195,14,1924
13196,24,1925
13197,14,1925
13198,24,1929
13199,14,1929
13200,24,1933
13201,14,1933
13202,24,1935
13203,14,1935
13204,24,1936
13205,14,1936
13206,24,1939
13207,14,1939
13208,24,1940
13209,14,1940
13210,24,1941
13211,14,1941
13212,24,1942
13213,14,1942
13214,24,1943
13215,14,1943
13216,24,1944
13217,14,1944
13218,24,1946
13219,14,1946
13220,25,1777
13221,15,1777
13222,25,1778
13223,15,1778
13224,25,1805
13225,15,1805
13226,25,1812
13227,15,1812
13228,25,1817
13229,15,1817
13230,25,1892
13231,15,1892
13232,26,1760
13233,16,1760
13234,26,1767
13235,16,1767
13236,26,1768
13237,16,1768
13238,26,1772
13239,16,1772
13240,26,1773
13241,16,1773
13242,26,1774
13243,16,1774
13244,26,1775
13245,16,1775
13246,26,1776
13247,16,1776
13248,26,1779
13249,16,1779
13250,26,1780
13251,16,1780
13252,26,1781
13253,16,1781
13254,26,1782
13255,16,1782
13256,26,1783
13257,16,1783
13258,26,1784
13259,16,1784
13260,26,1785
13261,16,1785
13262,26,1787
13263,16,1787
13264,26,1788
13265,16,1788
13266,26,1789
13267,16,1789
13268,26,1790
13269,16,1790
13270,26,1791
13271,16,1791
13272,26,1792
13273,16,1792
13274,26,1793
13275,16,1793
13276,26,1795
13277,16,1795
13278,26,1796
13279,16,1796
13280,26,1797
13281,16,1797
13282,26,1798
13283,16,1798
13284,26,1799
13285,16,1799
13286,26,1800
13287,16,1800
13288,26,1801
13289,16,1801
13290,26,1802
13291,16,1802
13292,26,1803
13293,16,1803
13294,26,1804
13295,16,1804
13296,26,1806
13297,16,1806
13298,26,1807
13299,16,1807
13300,26,1808
13301,16,1808
13302,26,1809
13303,16,1809
13304,26,1810
13305,16,1810
13306,26,1811
13307,16,1811
13308,26,1813
13309,16,1813
13310,26,1814
13311,16,1814
13312,26,1815
13313,16,1815
13314,26,1816
13315,16,1816
13316,26,1818
13317,16,1818
13318,26,1826
13319,16,1826
13320,26,1836
13321,16,1836
13322,26,1841
13323,16,1841
13324,26,1843
13325,16,1843
13326,26,1922
13327,16,1922
13328,26,1926
13329,16,1926
13330,26,1927
13331,16,1927
13332,26,1938
13333,16,1938
13334,26,1945
13335,16,1945
13336,26,1947
13337,16,1947
13338,27,1848
13339,17,1848
13340,27,1851
13341,17,1851
13342,27,1855
13343,17,1855
13344,27,1856
13345,17,1856
13346,27,1857
13347,17,1857
13348,27,1858
13349,17,1858
13350,27,1859
13351,17,1859
13352,27,1860
13353,17,1860
13354,27,1861
13355,17,1861
13356,27,1862
13357,17,1862
13358,27,1863
13359,17,1863
13360,27,1864
13361,17,1864
13362,27,1865
13363,17,1865
13364,27,1866
13365,17,1866
13366,27,1867
13367,17,1867
13368,27,1868
13369,17,1868
13370,27,1869
13371,17,1869
13372,27,1870
13373,17,1870
13374,27,1934
13375,17,1934
13376,27,1937
13377,17,1937
13378,28,1747
13379,18,1747
13380,28,1748
13381,18,1748
13382,28,1749
13383,18,1749
13384,28,1750
13385,18,1750
13386,28,1751
13387,18,1751
13388,28,1752
13389,18,1752
13390,28,1753
13391,18,1753
13392,28,1754
13393,18,1754
13394,28,1755
13395,18,1755
13396,28,1756
13397,18,1756
13398,28,1757
13399,18,1757
13400,28,1758
13401,18,1758
13402,28,1759
13403,18,1759
13404,28,1761
13405,18,1761
13406,28,1762
13407,18,1762
13408,28,1763
13409,18,1763
13410,28,1764
13411,18,1764
13412,28,1765
13413,18,1765
13414,28,1766
13415,18,1766
13416,28,1769
13417,18,1769
13418,28,1770
13419,18,1770
13420,28,1920
13421,18,1920
13422,28,1948
13423,18,1948
13424,28,1949
13425,18,1949
13426,28,1950
13427,18,1950
13428,28,1951
13429,18,1951
13430,28,1952
13431,18,1952
13432,28,1953
13433,18,1953
13434,28,1954
13435,18,1954
13436,28,1955
13437,18,1955
13438,28,1956
13439,18,1956
13440,28,1957
13441,18,1957
13442,28,1958
13443,18,1958
13444,28,1959
13445,18,1959
13446,28,1960
13447,18,1960
13448,28,1961
13449,18,1961
13450,28,1962
13451,18,1962
13452,28,1963
13453,18,1963
13454,28,1964
13455,18,1964
13456,28,1965
13457,18,1965
13458,28,1966
13459,18,1966
13460,28,1967
13461,18,1967
13462,28,1968
13463,18,1968
13464,28,1969
13465,18,1969
13466,28,1970
13467,18,1970
13468,28,1971
13469,18,1971
13470,28,1972
13471,18,1972
13472,28,1973
13473,18,1973
13474,28,1974
13475,18,1974
13476,28,1975
13477,18,1975
13478,28,1976
13479,18,1976
13480,28,1977
13481,18,1977
13482,28,1978
13483,18,1978
13484,29,1786
13485,19,1786
13486,29,1794
13487,19,1794
13488,29,1847
13489,19,1847
13490,29,1849
13491,19,1849
13492,29,1850
13493,19,1850
13494,29,1852
13495,19,1852
13496,29,1853
13497,19,1853
13498,29,1854
13499,19,1854
13500,29,1871
13501,19,1871
13502,29,1872
13503,19,1872
13504,29,1873
13505,19,1873
13506,29,1874
13507,19,1874
13508,29,1875
13509,19,1875
13510,29,1876
13511,19,1876
13512,29,1877
13513,19,1877
13514,29,1878
13515,19,1878
13516,29,1879
13517,19,1879
13518,29,1880
13519,19,1880
13520,29,1881
13521,19,1881
13522,29,1882
13523,19,1882
13524,29,1883
13525,19,1883
13526,29,1884
13527,19,1884
13528,29,1889
13529,19,1889
13530,29,1893
13531,19,1893
13532,29,1894
13533,19,1894
13534,29,1895
13535,19,1895
13536,29,1896
13537,19,1896
13538,29,1897
13539,19,1897
13540,29,1898
13541,19,1898
13542,29,1899
13543,19,1899
13544,29,1900
13545,19,1900
13546,29,1901
13547,19,1901
13548,29,1902
13549,19,1902
13550,29,1903
13551,19,1903
13552,29,1904
13553,19,1904
13554,29,1905
13555,19,1905
13556,29,1906
13557,19,1906
13558,29,1907
13559,19,1907
13560,29,1908
13561,19,1908
13562,29,1909
13563,19,1909
13564,29,1910
13565,19,1910
13566,29,1911
13567,19,1911
13568,29,1912
13569,19,1912
13570,29,1913
13571,19,1913
13572,29,1914
13573,19,1914
13574,29,1915
13575,19,1915
13576,29,1916
13577,19,1916
13578,29,1917
13579,19,1917
13580,29,1918
13581,19,1918
13582,29,1919
13583,19,1919
13584,29,1979
13585,19,1979
13586,52,1885
13587,51,1885
13594,55,1890
13595,54,1890
15333,45,1986
15433,49,1989
15434,50,1988
15488,47,1987
15489,48,1990
15490,40,1985
15491,75,2168
15492,75,2225
15493,41,1981
15495,43,1983
15496,65,2080
15500,62,1830
15501,39,2283
15502,39,2284
15503,35,2289
15504,30,2295
15505,36,2290
15506,37,2294
15507,39,2285
15508,36,2292
15509,39,2286
15510,39,2287
15511,37,2293
15512,19,2283
15513,19,2284
15514,15,2289
15515,10,2295
15516,16,2290
15517,17,2294
15518,19,2285
15519,16,2292
15520,19,2286
15521,19,2287
15522,17,2293
15523,29,2283
15524,29,2284
15525,25,2289
15526,20,2295
15527,26,2290
15528,27,2294
15529,29,2285
15530,26,2292
15531,29,2286
15532,29,2287
15533,27,2293
15534,83,1921
15535,82,1837
15536,82,1832
15537,83,1928
15538,80,1830
15539,82,1839
15541,83,1930
15544,83,1773
15545,82,1828
15546,83,1939
15547,81,1835
15548,87,1946
15549,87,1784
15550,86,1817
15551,87,1922
15552,84,1923
15553,87,1846
15554,84,1831
15555,87,1771
15556,84,1848
15557,86,1811
15558,84,1924
15559,87,1925
15560,87,1795
15561,86,1776
15562,84,1819
15563,87,1926
15564,87,1803
15565,87,1788
15566,87,1927
15567,84,1833
15569,84,1879
15570,84,1877
15571,84,1824
15572,87,1801
15573,86,1813
15574,87,1929
15575,84,1821
15576,87,1809
15577,87,1802
15578,86,1778
15579,87,1792
15580,85,1818
15581,86,1787
15582,86,1777
15583,87,1779
15584,87,1933
15585,86,1774
15586,87,1836
15587,84,1820
15588,87,1841
15589,85,1838
15590,87,1827
15591,84,1822
15592,87,1880
15593,87,1789
15594,86,1782
15595,87,1783
15596,86,1909
15597,86,1805
15598,87,1936
15599,84,1876
15600,87,1791
15601,87,1810
15602,87,1790
15603,86,1781
15604,87,1804
15605,87,1785
15606,87,1843
15607,84,1829
15608,87,1793
15609,87,1797
15610,87,1938
15611,84,1823
15612,86,1815
15613,84,1851
15614,86,1775
15615,84,1825
15616,84,1842
15617,87,1816
15618,86,1780
15619,86,1812
15620,87,1808
15621,87,1806
15622,87,1875
15623,87,1798
15624,87,1826
15625,87,1942
15626,87,1770
15627,84,1943
15628,87,1747
15629,86,1814
15630,86,1807
15631,85,1844
15632,87,1944
15633,87,1945
15634,87,1799
15635,84,1845
15636,87,1947
15637,87,1800
15638,89,2283
15639,88,1796
15640,88,1977
15641,89,1905
15642,88,1950
15643,89,1794
15644,88,1920
15645,89,2284
15646,89,1910
15647,89,1889
15648,88,1962
15649,89,1912
15650,88,1765
15651,89,1854
15652,88,1959
15653,88,1756
15654,88,1971
15655,89,1882
15656,88,1970
15657,88,1969
15658,88,1968
15659,89,1893
15660,89,1884
15661,89,1786
15662,86,2289
15663,88,1767
15664,88,1976
15665,88,1975
15666,89,1863
15667,88,1958
15668,89,1979
15669,88,1752
15670,88,1948
15671,89,1908
15672,88,1750
15673,88,1772
15674,89,1860
15675,89,1850
15676,88,1974
15677,88,1953
15678,89,1917
15679,88,1966
15680,86,1892
15681,88,1934
15682,88,1978
15683,88,1973
15684,88,1957
15685,88,1935
15686,89,1895
15687,89,1849
15688,89,1915
15689,89,1903
15690,89,1901
15691,89,1871
15692,88,1753
15693,89,1918
15694,89,1866
15695,89,1904
15696,89,1883
15697,88,1764
15698,89,1900
15699,88,1964
15700,88,1952
15701,89,1881
15702,88,1759
15703,89,1847
15704,88,1763
15705,89,1899
15706,88,1956
15707,88,1937
15708,88,1949
15709,89,1870
15710,89,1963
15711,88,1955
15712,88,1768
15713,89,1869
15714,89,1913
15715,86,2290
15716,88,1757
15717,89,1898
15718,88,1762
15719,89,1855
15720,89,1914
15721,88,1960
15722,88,1967
15723,88,2294
15724,88,1867
15725,89,1907
15726,89,1896
15727,89,1861
15728,89,2285
15729,89,1856
15730,88,1868
15731,89,1911
15732,87,1872
15733,87,1873
15734,87,1874
15735,84,1940
15736,88,1760
15737,88,1749
15738,88,1858
15739,88,1864
15740,89,1865
15741,87,1941
15742,89,1972
15743,88,1954
15744,86,2292
15745,88,1965
15746,89,1852
15747,89,1902
15748,88,1751
15749,89,1897
15750,88,1769
15751,88,1748
15752,88,1766
15753,89,1853
15754,88,1754
15755,89,1916
15756,89,2286
15757,88,1961
15758,89,1857
15759,88,1951
15760,89,2287
15761,89,1894
15762,89,2293
15763,88,1755
15764,89,1919
15765,89,1859
15766,89,1878
15767,88,1862
15768,89,1906
15769,88,1758
15770,88,1761
15812,105,1830
15813,110,1835
15814,108,1828
15815,108,1832
15816,108,1837
15817,108,1839
15819,107,1773
15820,107,1921
15821,107,1928
15822,107,1930
15825,107,1939
15826,104,1819
15827,104,1820
15828,104,1821
15829,104,1822
15830,104,1823
15831,104,1824
15832,104,1825
15833,104,1829
15834,104,1831
15835,104,1833
15837,104,1842
15838,104,1845
15839,104,1848
15840,104,1851
15841,104,1876
15842,104,1877
15843,104,1879
15844,104,1923
15845,104,1924
15846,104,1940
15847,104,1943
15848,109,1818
15849,109,1838
15850,109,1844
15851,106,1774
15852,106,1775
15853,106,1776
15854,106,1777
15855,106,1778
15856,106,1780
15857,106,1781
15858,106,1782
15859,106,1787
15860,106,1805
15861,106,1807
15862,106,1811
15863,106,1812
15864,106,1813
15865,106,1814
15866,106,1815
15867,106,1817
15868,106,1892
15869,106,1909
15870,106,2289
15871,106,2290
15872,106,2292
15873,103,1747
15874,103,1770
15875,103,1771
15876,103,1779
15877,103,1783
15878,103,1784
15879,103,1785
15880,103,1788
15881,103,1789
15882,103,1790
15883,103,1791
15884,103,1792
15885,103,1793
15886,103,1795
15887,103,1797
15888,103,1798
15889,103,1799
15890,103,1800
15891,103,1801
15892,103,1802
15893,103,1803
15894,103,1804
15895,103,1806
15896,103,1808
15897,103,1809
15898,103,1810
15899,103,1816
15900,103,1826
15901,103,1827
15902,103,1836
15903,103,1841
15904,103,1843
15905,103,1846
15906,103,1872
15907,103,1873
15908,103,1874
15909,103,1875
15910,103,1880
15911,103,1922
15912,103,1925
15913,103,1926
15914,103,1927
15915,103,1929
15916,103,1933
15917,103,1936
15918,103,1938
15919,103,1941
15920,103,1942
15921,103,1944
15922,103,1945
15923,103,1946
15924,103,1947
15925,101,1748
15926,101,1749
15927,101,1750
15928,101,1751
15929,101,1752
15930,101,1753
15931,101,1754
15932,101,1755
15933,101,1756
15934,101,1757
15935,101,1758
15936,101,1759
15937,101,1760
15938,101,1761
15939,101,1762
15940,101,1763
15941,101,1764
15942,101,1765
15943,101,1766
15944,101,1767
15945,101,1768
15946,101,1769
15947,101,1772
15948,101,1796
15949,101,1858
15950,101,1862
15951,101,1864
15952,101,1867
15953,101,1868
15954,101,1920
15955,101,1934
15956,101,1935
15957,101,1937
15958,101,1948
15959,101,1949
15960,101,1950
15961,101,1951
15962,101,1952
15963,101,1953
15964,101,1954
15965,101,1955
15966,101,1956
15967,101,1957
15968,101,1958
15969,101,1959
15970,101,1960
15971,101,1961
15972,101,1962
15973,101,1964
15974,101,1965
15975,101,1966
15976,101,1967
15977,101,1968
15978,101,1969
15979,101,1970
15980,101,1971
15981,101,1973
15982,101,1974
15983,101,1975
15984,101,1976
15985,101,1977
15986,101,1978
15987,101,2294
15988,102,1786
15989,102,1794
15990,102,1847
15991,102,1849
15992,102,1850
15993,102,1852
15994,102,1853
15995,102,1854
15996,102,1855
15997,102,1856
15998,102,1857
15999,102,1859
16000,102,1860
16001,102,1861
16002,102,1863
16003,102,1865
16004,102,1866
16005,102,1869
16006,102,1870
16007,102,1871
16008,102,1878
16009,102,1881
16010,102,1882
16011,102,1883
16012,102,1884
16013,102,1889
16014,102,1893
16015,102,1894
16016,102,1895
16017,102,1896
16018,102,1897
16019,102,1898
16020,102,1899
16021,102,1900
16022,102,1901
16023,102,1902
16024,102,1903
16025,102,1904
16026,102,1905
16027,102,1906
16028,102,1907
16029,102,1908
16030,102,1910
16031,102,1911
16032,102,1912
16033,102,1913
16034,102,1914
16035,102,1915
16036,102,1916
16037,102,1917
16038,102,1918
16039,102,1919
16040,102,1963
16041,102,1972
16042,102,1979
16043,102,2283
16044,102,2284
16045,102,2285
16046,102,2286
16047,102,2287
16048,102,2293
16049,115,1830
16050,120,1835
16051,118,1828
16052,118,1832
16053,118,1837
16054,118,1839
16056,117,1773
16057,117,1921
16058,117,1928
16059,117,1930
16062,117,1939
16063,114,1819
16064,114,1820
16065,114,1821
16066,114,1822
16067,114,1823
16068,114,1824
16069,114,1825
16070,114,1829
16071,114,1831
16072,114,1833
16074,114,1842
16075,114,1845
16076,114,1848
16077,114,1851
16078,114,1876
16079,114,1877
16080,114,1879
16081,114,1923
16082,114,1924
16083,114,1940
16084,114,1943
16085,119,1818
16086,119,1838
16087,119,1844
16088,116,1774
16089,116,1775
16090,116,1776
16091,116,1777
16092,116,1778
16093,116,1780
16094,116,1781
16095,116,1782
16096,116,1787
16097,116,1805
16098,116,1807
16099,116,1811
16100,116,1812
16101,116,1813
16102,116,1814
16103,116,1815
16104,116,1817
16105,116,1892
16106,116,1909
16107,116,2289
16108,116,2290
16109,116,2292
16110,113,1747
16111,113,1770
16112,113,1771
16113,113,1779
16114,113,1783
16115,113,1784
16116,113,1785
16117,113,1788
16118,113,1789
16119,113,1790
16120,113,1791
16121,113,1792
16122,113,1793
16123,113,1795
16124,113,1797
16125,113,1798
16126,113,1799
16127,113,1800
16128,113,1801
16129,113,1802
16130,113,1803
16131,113,1804
16132,113,1806
16133,113,1808
16134,113,1809
16135,113,1810
16136,113,1816
16137,113,1826
16138,113,1827
16139,113,1836
16140,113,1841
16141,113,1843
16142,113,1846
16143,113,1872
16144,113,1873
16145,113,1874
16146,113,1875
16147,113,1880
16148,113,1922
16149,113,1925
16150,113,1926
16151,113,1927
16152,113,1929
16153,113,1933
16154,113,1936
16155,113,1938
16156,113,1941
16157,113,1942
16158,113,1944
16159,113,1945
16160,113,1946
16161,113,1947
16162,111,1748
16163,111,1749
16164,111,1750
16165,111,1751
16166,111,1752
16167,111,1753
16168,111,1754
16169,111,1755
16170,111,1756
16171,111,1757
16172,111,1758
16173,111,1759
16174,111,1760
16175,111,1761
16176,111,1762
16177,111,1763
16178,111,1764
16179,111,1765
16180,111,1766
16181,111,1767
16182,111,1768
16183,111,1769
16184,111,1772
16185,111,1796
16186,111,1858
16187,111,1862
16188,111,1864
16189,111,1867
16190,111,1868
16191,111,1920
16192,111,1934
16193,111,1935
16194,111,1937
16195,111,1948
16196,111,1949
16197,111,1950
16198,111,1951
16199,111,1952
16200,111,1953
16201,111,1954
16202,111,1955
16203,111,1956
16204,111,1957
16205,111,1958
16206,111,1959
16207,111,1960
16208,111,1961
16209,111,1962
16210,111,1964
16211,111,1965
16212,111,1966
16213,111,1967
16214,111,1968
16215,111,1969
16216,111,1970
16217,111,1971
16218,111,1973
16219,111,1974
16220,111,1975
16221,111,1976
16222,111,1977
16223,111,1978
16224,111,2294
16225,112,1786
16226,112,1794
16227,112,1847
16228,112,1849
16229,112,1850
16230,112,1852
16231,112,1853
16232,112,1854
16233,112,1855
16234,112,1856
16235,112,1857
16236,112,1859
16237,112,1860
16238,112,1861
16239,112,1863
16240,112,1865
16241,112,1866
16242,112,1869
16243,112,1870
16244,112,1871
16245,112,1878
16246,112,1881
16247,112,1882
16248,112,1883
16249,112,1884
16250,112,1889
16251,112,1893
16252,112,1894
16253,112,1895
16254,112,1896
16255,112,1897
16256,112,1898
16257,112,1899
16258,112,1900
16259,112,1901
16260,112,1902
16261,112,1903
16262,112,1904
16263,112,1905
16264,112,1906
16265,112,1907
16266,112,1908
16267,112,1910
16268,112,1911
16269,112,1912
16270,112,1913
16271,112,1914
16272,112,1915
16273,112,1916
16274,112,1917
16275,112,1918
16276,112,1919
16277,112,1963
16278,112,1972
16279,112,1979
16280,112,2283
16281,112,2284
16282,112,2285
16283,112,2286
16284,112,2287
16285,112,2293
16287,130,1835
16293,127,1773
16294,127,1921
16295,127,1928
16296,127,1930
16322,129,1818
16323,129,1838
16324,129,1844
16325,126,1774
16326,126,1775
16327,126,1776
16328,126,1777
16329,126,1778
16330,126,1780
16331,126,1781
16332,126,1782
16333,126,1787
16334,126,1805
16335,126,1807
16336,126,1811
16337,126,1812
16338,126,1813
16339,126,1814
16340,126,1815
16341,126,1817
16342,126,1892
16343,126,1909
16344,126,2289
16345,126,2290
16346,126,2292
16462,122,1786
16463,122,1794
16464,122,1847
16465,122,1849
16466,122,1850
16467,122,1852
16468,122,1853
16469,122,1854
16470,122,1855
16471,122,1856
16472,122,1857
16473,122,1859
16474,122,1860
16475,122,1861
16476,122,1863
16477,122,1865
16478,122,1866
16479,122,1869
16480,122,1870
16481,122,1871
16482,122,1878
16483,122,1881
16484,122,1882
16485,122,1883
16486,122,1884
16487,122,1889
16488,122,1893
16489,122,1894
16490,122,1895
16491,122,1896
16492,122,1897
16493,122,1898
16494,122,1899
16495,122,1900
16496,122,1901
16497,122,1902
16498,122,1903
16499,122,1904
16500,122,1905
16501,122,1906
16502,122,1907
16503,122,1908
16504,122,1910
16505,122,1911
16506,122,1912
16507,122,1913
16508,122,1914
16509,122,1915
16510,122,1916
16511,122,1917
16512,122,1918
16513,122,1919
16514,122,1963
16515,122,1972
16516,122,1979
16517,122,2283
16518,122,2284
16519,122,2285
16520,122,2286
16521,122,2287
16522,132,2293
16537,128,1839
16539,125,1821
16540,131,1825
16541,123,1828
16542,121,1939
16543,126,1784
16544,126,1796
16545,124,1922
16546,124,1923
16547,124,1846
16548,129,1831
16549,124,1771
16550,124,1924
16551,124,1925
16552,126,1795
16553,124,1819
16554,129,1837
16555,126,1803
16556,129,1832
16557,126,1788
16558,124,1927
16559,129,1833
16561,124,1824
16562,126,1801
16563,124,1830
16564,124,1929
16565,126,1809
16566,126,1802
16567,126,1792
16568,126,1772
16569,126,1779
16570,124,1933
16571,124,1836
16572,124,1820
16573,129,1841
16574,124,1827
16575,124,1822
16576,126,1789
16577,126,1783
16578,124,1936
16579,126,1791
16580,126,1810
16581,126,1790
16582,126,1804
16583,126,1785
16584,124,1843
16585,124,1829
16586,126,1793
16587,126,1797
16588,124,1938
16589,124,1823
16590,129,1842
16591,126,1816
16592,126,1872
16593,126,1873
16594,126,1874
16595,126,1808
16596,124,1940
16597,126,1806
16598,126,1875
16599,124,1941
16600,126,1798
16601,124,1942
16602,124,1943
16603,124,1944
16604,124,1945
16605,126,1799
16606,129,1845
16607,124,1946
16608,124,1947
16609,126,1800
16610,132,1977
16611,132,1950
16612,126,1920
16613,132,1848
16614,132,1962
16615,124,1926
16616,132,1765
16617,132,1959
16618,132,1756
16619,132,1971
16620,132,1970
16621,132,1969
16622,132,1968
16623,132,1767
16624,132,1976
16625,132,1975
16626,122,1879
16627,132,1877
16628,132,1958
16629,132,1752
16630,132,1948
16631,132,1750
16632,132,1974
16633,132,1953
16634,132,1966
16635,132,1934
16636,132,1978
16637,132,1973
16638,132,1957
16639,132,1935
16640,122,1880
16641,132,1876
16642,132,1753
16643,132,1764
16644,132,1964
16645,132,1952
16646,132,1759
16647,132,1763
16648,132,1956
16649,132,1937
16650,132,1949
16651,132,1955
16652,132,1768
16653,132,1757
16654,132,1762
16655,132,1960
16656,132,1967
16657,132,2294
16658,132,1867
16659,132,1851
16660,132,1868
16661,132,1760
16662,132,1749
16663,132,1858
16664,132,1864
16665,124,1826
16666,132,1770
16667,132,1954
16668,132,1747
16669,132,1965
16670,132,1751
16671,132,1769
16672,132,1748
16673,132,1766
16674,132,1754
16675,132,1961
16676,132,1951
16677,132,1755
16678,132,1862
16679,132,1758
16680,132,1761
16681,141,1939
16682,134,1786
16683,134,1794
16684,134,1847
16685,134,1849
16686,134,1850
16687,134,1852
16688,134,1853
16689,134,1854
16690,134,1855
16691,134,1856
16692,134,1857
16693,134,1859
16694,134,1860
16695,134,1861
16696,134,1863
16697,134,1865
16698,134,1866
16699,134,1869
16700,134,1870
16701,134,1871
16702,134,1878
16703,134,1879
16704,134,1880
16705,134,1881
16706,134,1882
16707,134,1883
16708,134,1884
16709,134,1889
16710,134,1893
16711,134,1894
16712,134,1895
16713,134,1896
16714,134,1897
16715,134,1898
16716,134,1899
16717,134,1900
16718,134,1901
16719,134,1902
16720,134,1903
16721,134,1904
16722,134,1905
16723,134,1906
16724,134,1907
16725,134,1908
16726,134,1910
16727,134,1911
16728,134,1912
16729,134,1913
16730,134,1914
16731,134,1915
16732,134,1916
16733,134,1917
16734,134,1918
16735,134,1919
16736,134,1963
16737,134,1972
16738,134,1979
16739,134,2283
16740,134,2284
16741,134,2285
16742,134,2286
16743,134,2287
16744,140,1828
16745,135,1771
16746,135,1819
16747,135,1820
16748,135,1822
16749,135,1823
16750,135,1824
16751,135,1826
16752,135,1827
16753,135,1829
16754,135,1830
16755,135,1836
16756,135,1843
16757,135,1846
16758,135,1922
16759,135,1923
16760,135,1924
16761,135,1925
16762,135,1926
16763,135,1927
16764,135,1929
16765,135,1933
16766,135,1936
16767,135,1938
16768,135,1940
16769,135,1941
16770,135,1942
16771,135,1943
16772,135,1944
16773,135,1945
16774,135,1946
16775,135,1947
16776,142,1821
16777,137,1772
16778,137,1774
16779,137,1775
16780,137,1776
16781,137,1777
16782,137,1778
16783,137,1779
16784,137,1780
16785,137,1781
16786,137,1782
16787,137,1783
16788,137,1784
16789,137,1785
16790,137,1787
16791,137,1788
16792,137,1789
16793,137,1790
16794,137,1791
16795,137,1792
16796,137,1793
16797,137,1795
16798,137,1796
16799,137,1797
16800,137,1798
16801,137,1799
16802,137,1800
16803,137,1801
16804,137,1802
16805,137,1803
16806,137,1804
16807,137,1805
16808,137,1806
16809,137,1807
16810,137,1808
16811,137,1809
16812,137,1810
16813,137,1811
16814,137,1812
16815,137,1813
16816,137,1814
16817,137,1815
16818,137,1816
16819,137,1817
16820,137,1872
16821,137,1873
16822,137,1874
16823,137,1875
16824,137,1892
16825,137,1909
16826,137,1920
16827,137,2289
16828,137,2290
16829,137,2292
16830,138,1773
16831,138,1921
16832,138,1928
16833,138,1930
16836,136,1839
16838,143,1818
16839,143,1831
16840,143,1832
16841,143,1833
16843,143,1837
16844,143,1838
16845,143,1841
16846,143,1842
16847,143,1844
16848,143,1845
16849,144,1835
16850,139,1825
16851,133,1747
16852,133,1748
16853,133,1749
16854,133,1750
16855,133,1751
16856,133,1752
16857,133,1753
16858,133,1754
16859,133,1755
16860,133,1756
16861,133,1757
16862,133,1758
16863,133,1759
16864,133,1760
16865,133,1761
16866,133,1762
16867,133,1763
16868,133,1764
16869,133,1765
16870,133,1766
16871,133,1767
16872,133,1768
16873,133,1769
16874,133,1770
16875,133,1848
16876,133,1851
16877,133,1858
16878,133,1862
16879,133,1864
16880,133,1867
16881,133,1868
16882,133,1876
16883,133,1877
16884,133,1934
16885,133,1935
16886,133,1937
16887,133,1948
16888,133,1949
16889,133,1950
16890,133,1951
16891,133,1952
16892,133,1953
16893,133,1954
16894,133,1955
16895,133,1956
16896,133,1957
16897,133,1958
16898,133,1959
16899,133,1960
16900,133,1961
16901,133,1962
16902,133,1964
16903,133,1965
16904,133,1966
16905,133,1967
16906,133,1968
16907,133,1969
16908,133,1970
16909,133,1971
16910,133,1973
16911,133,1974
16912,133,1975
16913,133,1976
16914,133,1977
16915,133,1978
16916,133,2293
16917,133,2294
16918,153,1939
16919,146,1786
16920,146,1794
16921,146,1847
16922,146,1849
16923,146,1850
16924,146,1852
16925,146,1853
16926,146,1854
16927,146,1855
16928,146,1856
16929,146,1857
16930,146,1859
16931,146,1860
16932,146,1861
16933,146,1863
16934,146,1865
16935,146,1866
16936,146,1869
16937,146,1870
16938,146,1871
16939,146,1878
16940,146,1879
16941,146,1880
16942,146,1881
16943,146,1882
16944,146,1883
16945,146,1884
16946,146,1889
16947,146,1893
16948,146,1894
16949,146,1895
16950,146,1896
16951,146,1897
16952,146,1898
16953,146,1899
16954,146,1900
16955,146,1901
16956,146,1902
16957,146,1903
16958,146,1904
16959,146,1905
16960,146,1906
16961,146,1907
16962,146,1908
16963,146,1910
16964,146,1911
16965,146,1912
16966,146,1913
16967,146,1914
16968,146,1915
16969,146,1916
16970,146,1917
16971,146,1918
16972,146,1919
16973,146,1963
16974,146,1972
16975,146,1979
16976,146,2283
16977,146,2284
16978,146,2285
16979,146,2286
16980,146,2287
16981,152,1828
16982,147,1771
16983,147,1819
16984,147,1820
16985,147,1822
16986,147,1823
16987,147,1824
16988,147,1826
16989,147,1827
16990,147,1829
16991,147,1830
16992,147,1836
16993,147,1843
16994,147,1846
16995,147,1922
16996,147,1923
16997,147,1924
16998,147,1925
16999,147,1926
17000,147,1927
17001,147,1929
17002,147,1933
17003,147,1936
17004,147,1938
17005,147,1940
17006,147,1941
17007,147,1942
17008,147,1943
17009,147,1944
17010,147,1945
17011,147,1946
17012,147,1947
17013,154,1821
17014,149,1772
17015,149,1774
17016,149,1775
17017,149,1776
17018,149,1777
17019,149,1778
17020,149,1779
17021,149,1780
17022,149,1781
17023,149,1782
17024,149,1783
17025,149,1784
17026,149,1785
17027,149,1787
17028,149,1788
17029,149,1789
17030,149,1790
17031,149,1791
17032,149,1792
17033,149,1793
17034,149,1795
17035,149,1796
17036,149,1797
17037,149,1798
17038,149,1799
17039,149,1800
17040,149,1801
17041,149,1802
17042,149,1803
17043,149,1804
17044,149,1805
17045,149,1806
17046,149,1807
17047,149,1808
17048,149,1809
17049,149,1810
17050,149,1811
17051,149,1812
17052,149,1813
17053,149,1814
17054,149,1815
17055,149,1816
17056,149,1817
17057,149,1872
17058,149,1873
17059,149,1874
17060,149,1875
17061,149,1892
17062,149,1909
17063,149,1920
17064,149,2289
17065,149,2290
17066,149,2292
17067,150,1773
17068,150,1921
17069,150,1928
17070,150,1930
17073,148,1839
17075,155,1818
17076,155,1831
17077,155,1832
17078,155,1833
17080,155,1837
17081,155,1838
17082,155,1841
17083,155,1842
17084,155,1844
17085,155,1845
17086,156,1835
17087,151,1825
17088,145,1747
17089,145,1748
17090,145,1749
17091,145,1750
17092,145,1751
17093,145,1752
17094,145,1753
17095,145,1754
17096,145,1755
17097,145,1756
17098,145,1757
17099,145,1758
17100,145,1759
17101,145,1760
17102,145,1761
17103,145,1762
17104,145,1763
17105,145,1764
17106,145,1765
17107,145,1766
17108,145,1767
17109,145,1768
17110,145,1769
17111,145,1770
17112,145,1848
17113,145,1851
17114,145,1858
17115,145,1862
17116,145,1864
17117,145,1867
17118,145,1868
17119,145,1876
17120,145,1877
17121,145,1934
17122,145,1935
17123,145,1937
17124,145,1948
17125,145,1949
17126,145,1950
17127,145,1951
17128,145,1952
17129,145,1953
17130,145,1954
17131,145,1955
17132,145,1956
17133,145,1957
17134,145,1958
17135,145,1959
17136,145,1960
17137,145,1961
17138,145,1962
17139,145,1964
17140,145,1965
17141,145,1966
17142,145,1967
17143,145,1968
17144,145,1969
17145,145,1970
17146,145,1971
17147,145,1973
17148,145,1974
17149,145,1975
17150,145,1976
17151,145,1977
17152,145,1978
17153,145,2293
17154,145,2294
18235,189,1885
18238,189,1890
18240,186,2283
18241,174,1921
18242,186,1784
18243,186,1817
18244,186,1796
18245,186,1977
18246,186,1922
18247,186,1923
18248,186,1846
18249,186,1905
18250,186,1950
18251,169,1831
18252,186,1794
18253,186,1771
18254,186,1920
18255,186,1848
18256,186,1811
18257,186,2284
18258,186,1924
18259,186,1910
18260,186,1889
18261,186,1925
18262,186,1795
18263,186,1776
18264,185,1819
18265,186,1962
18266,185,1926
18267,186,1912
18268,183,1837
18269,186,1803
18270,186,1765
18271,185,1832
18272,186,1854
18273,186,1788
18274,186,1959
18275,186,1756
18276,186,1971
18277,186,1927
18278,186,1882
18279,186,1970
18280,181,1928
18281,186,1969
18282,186,1968
18283,183,1833
18285,186,1893
18286,186,1884
18287,186,1786
18288,175,2289
18289,170,2295
18290,186,1767
18291,186,1976
18292,186,1975
18293,186,1863
18294,186,1879
18295,186,1877
18296,186,1958
18297,185,1824
18298,186,1801
18299,184,1830
18300,187,1979
18301,186,1813
18302,186,1752
18303,186,1929
18304,185,1839
18306,186,1948
18307,185,1821
18308,186,1908
18309,186,1809
18310,186,1802
18311,173,1778
18312,174,1930
18315,186,1792
18316,186,1750
18317,185,1818
18318,188,1772
18319,186,1860
18320,186,1850
18321,186,1787
18322,186,1777
18323,186,1974
18324,186,1953
18325,186,1917
18326,186,1966
18327,186,1779
18328,186,1892
18329,186,1933
18330,186,1774
18331,187,1773
18332,186,1836
18333,186,1934
18334,185,1820
18335,185,1841
18336,186,1978
18337,186,1973
18338,186,1957
18339,185,1838
18340,186,1827
18341,174,1935
18342,185,1822
18343,186,1880
18344,186,1789
18345,186,1895
18346,186,1849
18347,186,1915
18348,186,1903
18349,186,1782
18350,186,1783
18351,186,1909
18352,175,1805
18353,186,1936
18354,186,1876
18355,186,1901
18356,186,1871
18357,186,1753
18358,186,1918
18359,186,1866
18360,186,1904
18361,188,1883
18362,186,1764
18363,186,1791
18364,186,1900
18365,186,1964
18366,186,1952
18367,186,1810
18368,186,1790
18369,186,1781
18370,186,1881
18371,186,1804
18372,186,1759
18373,186,1847
18374,186,1763
18375,186,1899
18376,186,1956
18377,186,1785
18378,186,1937
18379,186,1949
18380,186,1870
18381,186,1843
18382,188,1963
18383,186,1955
18384,186,1768
18385,185,1829
18386,186,1869
18387,186,1793
18388,186,1797
18389,188,1913
18390,186,2290
18391,186,1938
18392,186,1757
18393,186,1898
18394,186,1762
18395,187,1855
18396,186,1914
18397,185,1823
18398,186,1960
18399,186,1967
18400,186,2294
18401,186,1815
18402,186,1867
18403,186,1851
18404,186,1907
18405,186,1775
18406,186,1896
18407,186,1861
18408,186,2285
18409,185,1825
18410,187,1856
18411,185,1842
18412,176,1828
18413,186,1868
18414,186,1816
18415,186,1780
18416,174,1939
18417,186,1911
18418,186,1872
18419,186,1873
18420,186,1874
18421,186,1812
18422,186,1808
18423,186,1940
18424,186,1760
18425,186,1806
18426,186,1875
18427,186,1749
18428,187,1858
18429,186,1864
18430,186,1865
18431,186,1941
18432,186,1798
18433,185,1826
18434,186,1942
18435,186,1770
18436,186,1943
18437,187,1972
18438,186,1954
18439,186,2292
18440,186,1747
18441,186,1965
18442,186,1852
18443,186,1902
18444,186,1751
18445,186,1897
18446,186,1769
18447,186,1748
18448,186,1814
18449,186,1807
18450,185,1844
18451,188,1766
18452,186,1853
18453,186,1754
18454,186,1916
18455,188,2286
18456,186,1961
18457,186,1857
18458,186,1944
18459,186,1951
18460,186,1945
18461,186,2287
18462,186,1894
18463,186,2293
18464,186,1799
18465,186,1755
18466,185,1845
18467,186,1919
18468,186,1859
18469,182,1835
18470,186,1878
18471,174,1946
18472,186,1947
18473,188,1862
18474,186,1906
18475,186,1800
18476,186,1758
18477,186,1761
18478,201,2283
18479,198,1921
18480,199,1784
18481,199,1817
18482,199,1796
18483,201,1977
18484,201,1922
18485,201,1923
18486,201,1846
18487,201,1905
18488,201,1950
18489,194,1831
18490,199,1794
18491,201,1771
18492,201,1920
18493,201,1848
18494,199,1811
18495,199,2284
18496,201,1924
18497,201,1910
18498,201,1889
18499,201,1925
18500,199,1795
18501,199,1776
18502,198,1819
18503,201,1962
18504,198,1926
18505,201,1912
18506,194,1837
18507,199,1803
18508,201,1765
18509,194,1832
18510,201,1854
18511,199,1788
18512,201,1959
18513,201,1756
18514,201,1971
18515,201,1927
18516,201,1882
18517,201,1970
18518,191,1928
18519,201,1969
18520,201,1968
18521,194,1833
18523,201,1893
18524,201,1884
18525,199,1786
18526,192,2289
18527,194,2295
18528,201,1767
18529,201,1976
18530,201,1975
18531,201,1863
18532,201,1879
18533,201,1877
18534,201,1958
18535,198,1824
18536,199,1801
18537,195,1830
18538,201,1979
18539,199,1813
18540,201,1752
18541,201,1929
18542,194,1839
18544,201,1948
18545,198,1821
18546,201,1908
18547,199,1809
18548,199,1802
18549,192,1778
18550,190,1930
18553,199,1792
18554,201,1750
18555,198,1818
18556,199,1772
18557,201,1860
18558,201,1850
18559,199,1787
18560,199,1777
18561,201,1974
18562,201,1953
18563,199,1917
18564,201,1966
18565,199,1779
18566,199,1892
18567,201,1933
18568,199,1774
18569,198,1773
18570,201,1836
18571,201,1934
18572,198,1820
18573,198,1841
18574,201,1978
18575,201,1973
18576,201,1957
18577,198,1838
18578,201,1827
18579,201,1935
18580,198,1822
18581,201,1880
18582,199,1789
18583,201,1895
18584,201,1849
18585,201,1915
18586,201,1903
18587,199,1782
18588,199,1783
18589,201,1909
18590,192,1805
18591,201,1936
18592,200,1876
18593,201,1901
18594,201,1871
18595,201,1753
18596,201,1918
18597,201,1866
18598,201,1904
18599,201,1883
18600,201,1764
18601,199,1791
18602,201,1900
18603,201,1964
18604,201,1952
18605,199,1810
18606,199,1790
18607,199,1781
18608,201,1881
18609,199,1804
18610,201,1759
18611,201,1847
18612,201,1763
18613,201,1899
18614,201,1956
18615,199,1785
18616,201,1937
18617,201,1949
18618,201,1870
18619,201,1843
18620,201,1963
18621,201,1955
18622,201,1768
18623,196,1829
18624,201,1869
18625,199,1793
18626,199,1797
18627,201,1913
18628,199,2290
18629,201,1938
18630,201,1757
18631,201,1898
18632,201,1762
18633,201,1855
18634,201,1914
18635,198,1823
18636,201,1960
18637,201,1967
18638,201,2294
18639,199,1815
18640,201,1867
18641,201,1851
18642,201,1907
18643,199,1775
18644,201,1896
18645,201,1861
18646,201,2285
18647,198,1825
18648,201,1856
18649,194,1842
18650,194,1828
18651,201,1868
18652,199,1816
18653,199,1780
18654,197,1939
18655,201,1911
18656,199,1872
18657,199,1873
18658,199,1874
18659,199,1812
18660,199,1808
18661,201,1940
18662,201,1760
18663,199,1806
18664,199,1875
18665,201,1749
18666,201,1858
18667,201,1864
18668,201,1865
18669,201,1941
18670,199,1798
18671,198,1826
18672,201,1942
18673,201,1770
18674,201,1943
18675,201,1972
18676,201,1954
18677,199,2292
18678,201,1747
18679,201,1965
18680,201,1852
18681,201,1902
18682,201,1751
18683,201,1897
18684,201,1769
18685,201,1748
18686,199,1814
18687,199,1807
18688,198,1844
18689,201,1766
18690,201,1853
18691,201,1754
18692,201,1916
18693,201,2286
18694,201,1961
18695,201,1857
18696,201,1944
18697,201,1951
18698,201,1945
18699,201,2287
18700,199,1894
18701,201,2293
18702,199,1799
18703,201,1755
18704,194,1845
18705,201,1919
18706,201,1859
18707,198,1835
18708,201,1878
18709,201,1946
18710,201,1947
18711,201,1862
18712,201,1906
18713,199,1800
18714,201,1758
18715,201,1761
18717,202,1885
18720,203,1890
18723,165,2673
19483,164,2674
19864,166,2675
19865,168,2679
19866,167,2680
19867,205,2973
19868,204,2974
19869,206,2978
19870,207,2975
19871,209,2977
19872,210,2979
19873,211,2799
19874,211,2804
19875,211,2800
19876,211,2805
19877,211,2806
19878,211,2801
19879,211,2807
19880,211,2802
19881,211,2803
19882,211,2770
19883,211,2771
19884,211,2773
19885,211,2778
19886,211,2779
19887,211,2780
19888,211,2781
19889,211,2774
19890,211,2782
19891,211,2783
19892,211,2775
19893,211,2784
19894,211,2785
19895,211,2776
19896,211,2772
19897,211,2777
19898,211,2695
19899,211,2696
19900,211,2697
19901,211,2698
19902,211,2699
19903,211,2700
19904,211,2707
19905,211,2701
19906,211,2708
19907,211,2702
19908,211,2709
19909,211,2710
19910,211,2703
19912,211,2704
19913,211,2705
19914,211,2706
19915,211,2711
19916,211,2902
19917,211,2910
19918,211,2913
19919,211,2903
19920,211,2904
19921,211,2905
19922,211,2914
19923,211,2915
19924,211,2906
19925,211,2916
19926,211,2917
19927,211,2918
19928,211,2919
19929,211,2911
19930,211,2912
19931,211,2907
19932,211,2920
19933,211,2908
19934,211,2909
19935,211,2823
19936,211,2824
19937,211,2825
19938,211,2826
19939,211,2861
19940,211,2862
19941,211,2868
19942,211,2869
19943,211,2870
19944,211,2880
19945,211,2883
19946,211,2884
19947,211,2871
19948,211,2888
19949,211,2872
19950,211,2863
19951,211,2873
19952,211,2874
19953,211,2885
19954,211,2889
19955,211,2875
19956,211,2886
19957,211,2864
19958,211,2865
19959,211,2890
19960,211,2876
19961,211,2866
19962,211,2881
19963,211,2882
19964,211,2877
19965,211,2867
19966,211,2887
19967,211,2878
19968,211,2879
19969,211,2827
19970,211,2828
19971,211,2831
19972,211,2839
19973,211,2846
19974,211,2829
19975,211,2836
19976,211,2853
19977,211,2832
19978,211,2830
19979,211,2840
19980,211,2841
19981,211,2842
19982,211,2847
19983,211,2843
19984,211,2854
19985,211,2844
19986,211,2848
19987,211,2849
19988,211,2837
19989,211,2857
19990,211,2850
19991,211,2855
19992,211,2851
19993,211,2858
19994,211,2845
19995,211,2833
19996,211,2834
19997,211,2859
19998,211,2852
19999,211,2838
20000,211,2860
20001,211,2856
20002,211,2835
20003,211,2950
20004,211,2952
20005,211,2951
20006,211,2953
20007,211,2971
20008,211,2972
20009,211,2967
20010,211,2968
20011,211,2969
20012,211,2970
20013,211,2949
20014,211,2713
20015,211,2714
20016,211,2718
20017,211,2719
20018,211,2725
20019,211,2720
20020,211,2721
20021,211,2715
20022,211,2726
20023,211,2727
20024,211,2722
20025,211,2723
20026,211,2724
20027,211,2728
20028,211,2729
20029,211,2731
20030,211,2730
20031,211,2716
20032,211,2717
20033,211,2758
20034,211,2762
20035,211,2766
20036,211,2763
20037,211,2767
20038,211,2764
20039,211,2768
20040,211,2759
20041,211,2769
20042,211,2760
20043,211,2765
20044,211,2761
20045,211,2732
20046,211,2733
20047,211,2740
20048,211,2734
20049,211,2741
20050,211,2747
20051,211,2742
20052,211,2748
20053,211,2735
20054,211,2749
20055,211,2743
20056,211,2744
20057,211,2750
20058,211,2751
20059,211,2736
20060,211,2752
20061,211,2753
20064,211,2745
20065,211,2737
20066,211,2738
20067,211,2739
20069,211,2754
20070,211,2746
20071,211,2786
20072,211,2793
20073,211,2794
20074,211,2787
20075,211,2788
20076,211,2789
20077,211,2790
20078,211,2791
20079,211,2795
20080,211,2796
20082,211,2792
20083,211,2797
20084,211,2921
20085,211,2938
20086,211,2942
20087,211,2939
20088,211,2943
20089,211,2940
20090,211,2944
20091,211,2945
20092,211,2941
20093,211,2932
20094,211,2935
20095,211,2933
20096,211,2936
20097,211,2934
20098,211,2937
20099,211,2954
20100,211,2955
20101,211,2956
20102,211,2957
20103,211,2958
20104,211,2959
20105,211,2960
20106,211,2681
20107,211,2682
20108,211,2685
20109,211,2686
20110,211,2693
20111,211,2687
20112,211,2688
20113,211,2689
20114,211,2691
20115,211,2683
20116,211,2690
20117,211,2684
20118,211,2692
20119,211,2694
20120,211,2922
20121,211,2923
20122,211,2928
20123,211,2929
20124,211,2924
20125,211,2930
20126,211,2925
20127,211,2926
20128,211,2927
20129,211,2931
20130,211,2961
20131,211,2962
20132,211,2963
20133,211,2966
20134,211,2965
20135,211,2964
20136,211,2891
20137,211,2892
20138,211,2896
20139,211,2899
20140,211,2897
20141,211,2893
20143,211,2894
20145,211,2895
20146,211,2898
20147,211,2946
20148,211,2947
20149,211,2948
20150,211,2808
20151,211,2810
20152,211,2812
20153,211,2814
20154,211,2817
20155,211,2815
20156,211,2813
20157,211,2819
20158,211,2821
20160,211,2809
20161,211,2820
20162,211,2818
20163,211,2811
20164,211,2816
20165,212,1921
20166,226,1831
20167,220,1837
20168,222,1832
20169,228,1928
20170,217,2289
20171,214,2295
20172,235,1830
20173,219,1839
20175,215,1778
20176,212,1930
20179,236,1772
20180,224,1777
20181,217,1805
20182,221,1829
20183,232,1825
20184,216,1828
20185,219,1780
20186,227,1812
20187,223,1940
20188,218,1826
20189,229,2283
20190,229,1784
20191,229,1817
20192,229,1796
20193,229,1977
20194,231,1922
20195,231,1923
20196,231,1846
20197,229,1905
20198,229,1950
20199,229,1794
20200,231,1771
20201,229,1920
20202,229,1848
20203,229,1811
20204,229,2284
20205,231,1924
20206,229,1910
20207,229,1889
20208,231,1925
20209,229,1795
20210,229,1776
20211,234,1819
20212,229,1962
20213,229,1926
20214,229,1912
20215,229,1803
20216,229,1765
20217,229,1854
20218,229,1788
20219,229,1959
20220,229,1756
20221,229,1971
20222,231,1927
20223,229,1882
20224,229,1970
20225,229,1969
20226,229,1968
20227,233,1833
20229,229,1893
20230,229,1884
20231,229,1786
20232,229,1767
20233,229,1976
20234,229,1975
20235,229,1863
20236,229,1879
20237,229,1877
20238,229,1958
20239,234,1824
20240,229,1801
20241,229,1979
20242,225,1813
20243,229,1752
20244,231,1929
20245,229,1948
20246,234,1821
20247,229,1908
20248,229,1809
20249,229,1802
20250,229,1792
20251,229,1750
20252,233,1818
20253,229,1860
20254,229,1850
20255,225,1787
20256,229,1974
20257,229,1953
20258,229,1917
20259,229,1966
20260,229,1779
20261,229,1892
20262,231,1933
20263,229,1774
20264,229,1773
20265,231,1836
20266,229,1934
20267,234,1820
20268,233,1841
20269,229,1978
20270,229,1973
20271,229,1957
20272,233,1838
20273,231,1827
20274,229,1935
20275,234,1822
20276,229,1880
20277,229,1789
20278,229,1895
20279,229,1849
20280,229,1915
20281,229,1903
20282,229,1782
20283,225,1783
20284,229,1909
20285,231,1936
20286,229,1876
20287,229,1901
20288,229,1871
20289,229,1753
20290,229,1918
20291,229,1866
20292,229,1904
20293,229,1883
20294,229,1764
20295,229,1791
20296,229,1900
20297,229,1964
20298,229,1952
20299,229,1810
20300,229,1790
20301,229,1781
20302,229,1881
20303,229,1804
20304,229,1759
20305,229,1847
20306,229,1763
20307,229,1899
20308,229,1956
20309,229,1785
20310,229,1937
20311,229,1949
20312,229,1870
20313,231,1843
20314,229,1963
20315,229,1955
20316,229,1768
20317,229,1869
20318,229,1793
20319,229,1797
20320,229,1913
20321,229,2290
20322,231,1938
20323,229,1757
20324,229,1898
20325,229,1762
20326,229,1855
20327,229,1914
20328,234,1823
20329,229,1960
20330,229,1967
20331,230,2294
20332,225,1815
20333,229,1867
20334,229,1851
20335,229,1907
20336,229,1775
20337,229,1896
20338,229,1861
20339,229,2285
20340,229,1856
20341,233,1842
20342,229,1868
20343,229,1816
20344,231,1939
20345,229,1911
20346,229,1872
20347,229,1873
20348,229,1874
20349,229,1808
20350,229,1760
20351,229,1806
20352,229,1875
20353,229,1749
20354,229,1858
20355,229,1864
20356,229,1865
20357,231,1941
20358,229,1798
20359,231,1942
20360,229,1770
20361,231,1943
20362,229,1972
20363,229,1954
20364,229,2292
20365,229,1747
20366,229,1965
20367,229,1852
20368,229,1902
20369,229,1751
20370,229,1897
20371,229,1769
20372,229,1748
20373,225,1814
20374,229,1807
20375,233,1844
20376,229,1766
20377,229,1853
20378,229,1754
20379,229,1916
20380,229,2286
20381,229,1961
20382,229,1857
20383,231,1944
20384,229,1951
20385,231,1945
20386,229,2287
20387,229,1894
20388,229,2293
20389,229,1799
20390,229,1755
20391,233,1845
20392,229,1919
20393,229,1859
20394,233,1835
20395,229,1878
20396,231,1946
20397,231,1947
20398,229,1862
20399,229,1906
20400,229,1800
20401,229,1758
20402,229,1761
20403,237,2981
20783,240,2624
20784,240,2619
20785,240,2621
20786,240,2633
20787,240,2632
20788,240,2630
20789,240,2627
20790,240,2631
20791,240,2622
20792,240,2620
20793,240,2636
20794,240,2623
20795,240,2634
20796,240,2635
20797,240,2626
20798,240,2628
20799,240,2629
20800,240,2625
20801,240,2664
20802,240,2665
20803,240,2662
20804,240,2663
20805,240,2658
20806,240,2660
20807,240,2659
20808,240,2666
20809,240,2661
20810,240,2547
20812,240,2419
20813,240,2428
20814,240,2426
20815,240,2433
20816,240,2431
20817,240,2418
20818,240,2437
20819,240,2425
20820,240,2427
20821,240,2423
20822,240,2438
20823,240,2432
20824,240,2429
20825,240,2430
20826,240,2420
20827,240,2421
20828,240,2434
20829,240,2439
20830,240,2422
20831,240,2424
20832,240,2436
20833,240,2435
20834,240,2527
20835,240,2528
20836,240,2526
20837,240,2480
20838,240,2483
20839,240,2482
20840,240,2468
20841,240,2487
20842,240,2461
20843,240,2481
20844,240,2484
20845,240,2476
20846,240,2485
20847,240,2462
20848,240,2451
20849,240,2454
20850,240,2467
20851,240,2452
20852,240,2477
20853,240,2463
20854,240,2459
20855,240,2486
20856,240,2469
20857,240,2464
20858,240,2455
20859,240,2457
20860,240,2475
20861,240,2479
20862,240,2453
20863,240,2473
20864,240,2470
20865,240,2465
20866,240,2458
20867,240,2474
20868,240,2478
20869,240,2471
20870,240,2456
20871,240,2472
20872,240,2488
20873,240,2466
20874,240,2460
20875,240,2546
20876,240,2611
20877,240,2605
20878,240,2612
20879,240,2613
20880,240,2610
20881,240,2606
20882,240,2601
20883,240,2609
20884,240,2602
20885,240,2603
20886,240,2604
20887,240,2615
20888,240,2608
20889,240,2616
20890,240,2600
20891,240,2614
20892,240,2607
20893,240,2537
20894,240,2536
20895,240,2531
20896,240,2543
20897,240,2529
20898,240,2538
20899,240,2540
20900,240,2535
20901,240,2530
20902,240,2541
20903,240,2532
20904,240,2534
20905,240,2533
20906,240,2542
20907,240,2539
20908,240,2544
20909,240,2545
20910,240,2510
20911,240,2519
20912,240,2518
20913,240,2514
20914,240,2520
20915,240,2498
20916,240,2496
20917,240,2497
20918,240,2515
20919,240,2503
20920,240,2504
20921,240,2523
20922,240,2499
20923,240,2500
20924,240,2505
20925,240,2521
20926,240,2506
20927,240,2502
20928,240,2511
20929,240,2525
20930,240,2509
20931,240,2522
20932,240,2513
20933,240,2501
20934,240,2512
20935,240,2516
20936,240,2507
20937,240,2508
20938,240,2524
20939,240,2517
20940,240,2361
20941,240,2362
20942,240,2360
20943,240,2357
20944,240,2359
20945,240,2358
20946,240,2446
20947,240,2445
20948,240,2495
20949,240,2489
20950,240,2490
20951,240,2492
20952,240,2493
20953,240,2491
20954,240,2494
20955,240,2671
20956,240,2669
20957,240,2668
20958,240,2672
20959,240,2670
20960,243,2646
20964,243,2638
20965,243,2648
20966,243,2647
20967,243,2650
20968,243,2640
20969,243,2641
20971,243,2644
20972,243,2651
20973,243,2657
20974,243,2643
20975,243,2645
20977,243,2642
20979,243,2639
20980,243,2649
20981,243,2624
20982,243,2619
20983,243,2621
20984,243,2633
20985,243,2632
20986,243,2630
20987,243,2627
20988,243,2631
20989,243,2622
20990,243,2620
20991,243,2636
20992,243,2623
20993,243,2634
20994,243,2635
20995,243,2626
20996,243,2628
20997,243,2629
20998,243,2625
20999,243,2667
21000,243,2664
21001,243,2665
21002,243,2662
21003,243,2663
21004,243,2658
21005,243,2660
21006,243,2659
21007,243,2666
21008,243,2661
21009,243,2556
21010,243,2547
21012,243,2419
21013,243,2428
21014,243,2426
21015,243,2433
21016,243,2431
21017,243,2418
21018,243,2437
21019,243,2425
21020,243,2427
21021,243,2423
21022,243,2438
21023,243,2432
21024,243,2429
21025,243,2430
21026,243,2420
21027,243,2421
21028,243,2434
21029,243,2439
21030,243,2422
21031,243,2424
21032,243,2436
21033,243,2435
21034,243,2527
21035,243,2528
21036,243,2526
21037,243,2480
21038,243,2483
21039,243,2482
21040,243,2468
21041,243,2487
21042,243,2461
21043,243,2481
21044,243,2484
21045,243,2476
21046,243,2485
21047,243,2462
21048,243,2451
21049,243,2454
21050,243,2467
21051,243,2452
21052,243,2477
21053,243,2463
21054,243,2459
21055,243,2486
21056,243,2469
21057,243,2464
21058,243,2455
21059,243,2457
21060,243,2475
21061,243,2479
21062,243,2453
21063,243,2473
21064,243,2470
21065,243,2465
21066,243,2458
21067,243,2474
21068,243,2478
21069,243,2471
21070,243,2456
21071,243,2472
21072,243,2488
21073,243,2466
21074,243,2460
21075,243,2546
21076,243,2617
21078,243,2611
21079,243,2605
21080,243,2612
21081,243,2613
21082,243,2610
21083,243,2606
21084,243,2601
21085,243,2609
21086,243,2602
21087,243,2603
21088,243,2604
21089,243,2615
21090,243,2608
21091,243,2616
21092,243,2600
21093,243,2614
21094,243,2607
21095,243,2537
21096,243,2536
21097,243,2531
21098,243,2543
21099,243,2529
21100,243,2538
21101,243,2540
21102,243,2535
21103,243,2530
21104,243,2541
21105,243,2532
21106,243,2534
21107,243,2533
21108,243,2542
21109,243,2539
21110,243,2544
21111,243,2545
21112,243,2510
21113,243,2519
21114,243,2518
21115,243,2514
21116,243,2520
21117,243,2498
21118,243,2496
21119,243,2497
21120,243,2515
21121,243,2503
21122,243,2504
21123,243,2523
21124,243,2499
21125,243,2500
21126,243,2505
21127,243,2521
21128,243,2506
21129,243,2502
21130,243,2511
21131,243,2525
21132,243,2509
21133,243,2522
21134,243,2513
21135,243,2501
21136,243,2512
21137,243,2516
21138,243,2507
21139,243,2508
21140,243,2524
21141,243,2517
21142,243,2361
21143,243,2362
21144,243,2360
21145,243,2357
21146,243,2359
21147,243,2358
21148,243,2449
21149,243,2447
21150,243,2448
21151,243,2446
21152,243,2445
21153,243,2495
21154,243,2489
21155,243,2490
21156,243,2492
21157,243,2493
21158,243,2491
21159,243,2494
21160,243,2671
21161,243,2669
21162,243,2668
21163,243,2672
21164,243,2670
21165,241,2646
21169,241,2638
21170,241,2648
21171,241,2647
21172,241,2650
21173,241,2640
21174,241,2641
21176,241,2644
21177,241,2651
21178,241,2657
21179,241,2643
21180,241,2645
21182,241,2642
21184,241,2639
21185,241,2649
21186,241,2385
21187,241,2386
21188,241,2383
21189,241,2379
21190,241,2384
21191,241,2382
21192,241,2387
21193,241,2381
21194,241,2380
21195,241,2450
21196,241,2667
21197,241,2550
21198,241,2554
21199,241,2553
21200,241,2555
21201,241,2549
21202,241,2551
21203,241,2552
21204,241,2556
21205,241,2416
21206,241,2405
21207,241,2411
21208,241,2414
21209,241,2412
21210,241,2410
21211,241,2415
21212,241,2406
21213,241,2413
21214,241,2409
21215,241,2404
21216,241,2408
21217,241,2407
21218,241,2365
21219,241,2367
21220,241,2366
21221,241,2374
21222,241,2363
21224,241,2364
21225,241,2370
21226,241,2369
21227,241,2371
21228,241,2375
21229,241,2376
21230,241,2377
21231,241,2372
21232,241,2368
21233,241,2373
21234,241,2417
21235,241,2578
21236,241,2581
21237,241,2577
21238,241,2576
21239,241,2574
21240,241,2582
21241,241,2579
21242,241,2580
21243,241,2575
21244,241,2596
21245,241,2585
21246,241,2588
21247,241,2589
21248,241,2583
21250,241,2597
21251,241,2584
21252,241,2587
21253,241,2591
21254,241,2593
21255,241,2586
21256,241,2595
21257,241,2598
21258,241,2590
21259,241,2592
21260,241,2594
21261,241,2617
21263,241,2355
21264,241,2356
21265,241,2560
21266,241,2557
21267,241,2558
21268,241,2561
21269,241,2559
21271,241,2443
21272,241,2444
21273,241,2449
21274,241,2447
21275,241,2448
21276,241,2573
21277,241,2571
21278,241,2572
21279,241,2569
21280,241,2570
21281,241,2440
21282,241,2442
21283,241,2441
21284,241,2345
21285,241,2334
21286,241,2327
21287,241,2321
21288,241,2346
21289,241,2343
21290,241,2319
21291,241,2320
21292,241,2297
21293,241,2296
21294,241,2304
21295,241,2342
21296,241,2317
21297,241,2302
21298,241,2300
21299,241,2307
21300,241,2336
21301,241,2308
21302,241,2335
21303,241,2328
21304,241,2333
21305,241,2322
21306,241,2313
21307,241,2301
21308,241,2312
21309,241,2306
21310,241,2350
21311,241,2344
21312,241,2315
21313,241,2305
21314,241,2331
21315,241,2341
21316,241,2329
21317,241,2330
21318,241,2324
21319,241,2339
21320,241,2309
21321,241,2311
21322,241,2316
21324,241,2332
21325,241,2314
21326,241,2298
21327,241,2318
21328,241,2337
21329,241,2351
21330,241,2303
21331,241,2347
21332,241,2310
21333,241,2325
21334,241,2323
21335,241,2349
21336,241,2326
21337,241,2338
21338,241,2340
21339,241,2299
21340,241,2348
21341,241,2565
21342,241,2566
21343,241,2564
21344,241,2568
21345,241,2567
21346,241,2563
21347,241,2389
21349,241,2403
21350,241,2400
21351,241,2398
21352,241,2388
21353,241,2395
21354,241,2399
21355,241,2396
21356,241,2393
21357,241,2392
21358,241,2401
21359,241,2390
21360,241,2394
21361,241,2397
21362,241,2391
21363,244,2385
21364,244,2386
21365,244,2383
21366,244,2379
21367,244,2384
21368,244,2382
21369,244,2387
21370,244,2381
21371,244,2380
21372,244,2450
21373,244,2550
21374,244,2554
21375,244,2553
21376,244,2555
21377,244,2549
21378,244,2551
21379,244,2552
21380,244,2416
21381,244,2405
21382,244,2411
21383,244,2414
21384,244,2412
21385,244,2410
21386,244,2415
21387,244,2406
21388,244,2413
21389,244,2409
21390,244,2404
21391,244,2408
21392,244,2407
21393,244,2365
21394,244,2367
21395,244,2366
21396,244,2374
21397,244,2363
21399,244,2364
21400,244,2370
21401,244,2369
21402,244,2371
21403,244,2375
21404,244,2376
21405,244,2377
21406,244,2372
21407,244,2368
21408,244,2373
21409,244,2417
21410,244,2578
21411,244,2581
21412,244,2577
21413,244,2576
21414,244,2574
21415,244,2582
21416,244,2579
21417,244,2580
21418,244,2575
21419,244,2596
21420,244,2585
21421,244,2588
21422,244,2589
21423,244,2583
21425,244,2597
21426,244,2584
21427,244,2587
21428,244,2591
21429,244,2593
21430,244,2586
21431,244,2595
21432,244,2598
21433,244,2590
21434,244,2592
21435,244,2594
21436,244,2355
21437,244,2356
21438,244,2560
21439,244,2557
21440,244,2558
21441,244,2561
21442,244,2559
21444,244,2443
21445,244,2444
21446,244,2573
21447,244,2571
21448,244,2572
21449,244,2569
21450,244,2570
21451,244,2440
21452,244,2442
21453,244,2441
21454,244,2345
21455,244,2334
21456,244,2327
21457,244,2321
21458,244,2346
21459,244,2343
21460,244,2319
21461,244,2320
21462,244,2297
21463,244,2296
21464,244,2304
21465,244,2342
21466,244,2317
21467,244,2302
21468,244,2300
21469,244,2307
21470,244,2336
21471,244,2308
21472,244,2335
21473,244,2328
21474,244,2333
21475,244,2322
21476,244,2313
21477,244,2301
21478,244,2312
21479,244,2306
21480,244,2350
21481,244,2344
21482,244,2315
21483,244,2305
21484,244,2331
21485,244,2341
21486,244,2329
21487,244,2330
21488,244,2324
21489,244,2339
21490,244,2309
21491,244,2311
21492,244,2316
21494,244,2332
21495,244,2314
21496,244,2298
21497,244,2318
21498,244,2337
21499,244,2351
21500,244,2303
21501,244,2347
21502,244,2310
21503,244,2325
21504,244,2323
21505,244,2349
21506,244,2326
21507,244,2338
21508,244,2340
21509,244,2299
21510,244,2348
21511,244,2565
21512,244,2566
21513,244,2564
21514,244,2568
21515,244,2567
21516,244,2563
21517,244,2389
21519,244,2403
21520,244,2400
21521,244,2398
21522,244,2388
21523,244,2395
21524,244,2399
21525,244,2396
21526,244,2393
21527,244,2392
21528,244,2401
21529,244,2390
21530,244,2394
21531,244,2397
21532,244,2391
21533,208,2976
21534,254,1830
21535,263,1835
21536,259,1828
21537,259,1832
21538,259,1837
21539,259,1839
21541,258,1773
21542,258,1921
21543,258,1928
21544,258,1930
21547,258,1939
21556,251,1831
21557,251,1833
21560,251,1845
21570,262,1818
21571,262,1838
21572,262,1844
21573,255,1774
21574,255,1775
21575,255,1776
21576,255,1777
21577,255,1778
21578,255,1780
21579,255,1781
21580,255,1782
21581,255,1787
21582,255,1805
21583,255,1807
21584,255,1811
21585,255,1812
21586,255,1813
21587,255,1814
21588,255,1815
21589,255,1817
21590,255,1892
21591,255,1909
21592,255,2289
21593,255,2290
21594,255,2292
21595,250,1747
21596,250,1770
21597,250,1771
21598,250,1779
21599,250,1783
21600,250,1784
21601,250,1785
21602,250,1788
21603,250,1789
21604,250,1790
21605,250,1791
21606,250,1792
21607,250,1793
21608,250,1795
21609,250,1797
21610,250,1798
21611,250,1799
21612,250,1800
21613,250,1801
21614,250,1802
21615,250,1803
21616,250,1804
21617,250,1806
21618,250,1808
21619,250,1809
21620,250,1810
21621,250,1816
21622,250,1826
21623,250,1827
21624,250,1836
21625,250,1841
21626,250,1843
21627,250,1846
21628,250,1872
21629,250,1873
21630,250,1874
21631,250,1875
21632,250,1880
21633,250,1922
21634,250,1925
21635,250,1926
21636,250,1927
21637,250,1929
21638,250,1933
21639,250,1936
21640,250,1938
21641,250,1941
21642,250,1942
21643,250,1944
21644,250,1945
21645,250,1946
21646,250,1947
21647,246,1748
21648,246,1749
21649,246,1750
21650,246,1751
21651,246,1752
21652,246,1753
21653,246,1754
21654,246,1755
21655,246,1756
21656,246,1757
21657,246,1758
21658,246,1759
21659,246,1760
21660,246,1761
21661,246,1762
21662,246,1763
21663,246,1764
21664,246,1765
21665,246,1766
21666,246,1767
21667,246,1768
21668,246,1769
21669,246,1772
21670,246,1796
21671,246,1858
21672,246,1862
21673,246,1864
21674,246,1867
21675,246,1868
21676,246,1920
21677,246,1934
21678,246,1935
21679,246,1937
21680,246,1948
21681,246,1949
21682,246,1950
21683,246,1951
21684,246,1952
21685,246,1953
21686,246,1954
21687,246,1955
21688,246,1956
21689,246,1957
21690,246,1958
21691,246,1959
21692,246,1960
21693,246,1961
21694,246,1962
21695,246,1964
21696,246,1965
21697,246,1966
21698,246,1967
21699,246,1968
21700,246,1969
21701,246,1970
21702,246,1971
21703,246,1973
21704,246,1974
21705,246,1975
21706,246,1976
21707,246,1977
21708,246,1978
21709,246,2294
21710,247,1786
21711,247,1794
21712,247,1847
21713,247,1849
21714,247,1850
21715,247,1852
21716,247,1853
21717,247,1854
21718,247,1855
21719,247,1856
21720,247,1857
21721,247,1859
21722,247,1860
21723,247,1861
21724,247,1863
21725,247,1865
21726,247,1866
21727,247,1869
21728,247,1870
21729,247,1871
21730,247,1878
21731,247,1881
21732,247,1882
21733,247,1883
21734,247,1884
21735,247,1889
21736,247,1893
21737,247,1894
21738,247,1895
21739,247,1896
21740,247,1897
21741,247,1898
21742,247,1899
21743,247,1900
21744,247,1901
21745,247,1902
21746,247,1903
21747,247,1904
21748,247,1905
21749,247,1906
21750,247,1907
21751,247,1908
21752,247,1910
21753,247,1911
21754,247,1912
21755,247,1913
21756,247,1914
21757,247,1915
21758,247,1916
21759,247,1917
21760,247,1918
21761,247,1919
21762,247,1963
21763,247,1972
21764,247,1979
21765,247,2283
21766,247,2284
21767,247,2285
21768,247,2286
21769,247,2287
21770,247,2293
22008,255,1829
22009,255,1824
22010,255,1825
22011,255,1940
22012,255,1924
22013,247,1876
22014,247,1877
22015,247,1879
22016,247,1848
22017,247,1851
22018,250,1819
22019,250,1821
22020,250,1820
22021,250,1822
22022,250,1823
22023,250,1923
22024,250,1943
22025,270,3084
22026,271,3085
22027,271,3086
22028,271,3087
22029,271,3088
22030,271,3089
22031,271,3090
22032,273,1921
22033,273,1831
22034,273,1926
22035,273,1832
22036,273,1928
22037,273,1833
22039,273,1930
22042,273,1818
22043,273,1773
22044,273,1841
22045,273,1838
22046,273,1842
22047,273,1826
22048,273,1844
22049,273,1845
22050,273,1835
22051,273,1819
22052,273,1824
22053,273,1821
22054,273,1820
22055,273,1822
22056,273,1829
22057,273,1823
22058,273,1825
22059,274,1784
22060,274,1817
22061,274,1796
22062,274,1794
22063,274,1811
22064,274,2284
22065,274,1795
22066,274,1776
22067,274,1803
22068,274,1788
22069,274,1786
22070,274,2289
22071,274,1801
22072,274,1813
22073,274,1809
22074,274,1802
22075,274,1778
22076,274,1792
22077,274,1772
22078,274,1787
22079,274,1777
22080,274,1917
22081,274,1779
22082,274,1892
22083,274,1774
22084,274,1789
22085,274,1782
22086,274,1783
22087,274,1805
22088,274,1791
22089,274,1810
22090,274,1790
22091,274,1781
22092,274,1804
22093,274,1785
22094,274,1793
22095,274,1797
22096,274,2290
22097,274,1815
22098,274,1775
22099,274,1816
22100,274,1780
22101,274,1872
22102,274,1873
22103,274,1874
22104,274,1812
22105,274,1808
22106,274,1806
22107,274,1875
22108,274,1798
22109,274,2292
22110,274,1814
22111,274,1807
22112,274,1894
22113,274,1799
22114,274,1800
22115,272,1837
22116,272,2295
22117,272,1839
22119,272,1828
22120,275,1876
22121,276,2283
22122,276,1977
22123,276,1922
22124,276,1923
22125,276,1846
22126,276,1905
22127,276,1950
22128,276,1771
22129,276,1920
22130,276,1848
22131,276,1924
22132,276,1910
22133,276,1889
22134,276,1925
22135,276,1962
22136,276,1912
22137,276,1765
22138,276,1854
22139,276,1959
22140,276,1756
22141,276,1971
22142,276,1927
22143,276,1882
22144,276,1970
22145,276,1969
22146,276,1968
22147,276,1893
22148,276,1884
22149,276,1767
22150,276,1976
22151,276,1975
22152,276,1863
22153,276,1879
22154,276,1877
22155,276,1958
22156,276,1830
22157,276,1979
22158,276,1752
22159,276,1929
22160,276,1948
22161,276,1908
22162,276,1750
22163,276,1860
22164,276,1850
22165,276,1974
22166,276,1953
22167,276,1966
22168,276,1933
22169,276,1836
22170,276,1934
22171,276,1978
22172,276,1957
22173,276,1827
22174,276,1935
22175,276,1880
22176,276,1895
22177,276,1849
22178,276,1915
22179,276,1903
22180,276,1909
22181,276,1936
22182,276,1901
22183,276,1871
22184,276,1753
22185,276,1918
22186,276,1866
22187,276,1904
22188,276,1883
22189,276,1764
22190,276,1900
22191,276,1964
22192,276,1952
22193,276,1881
22194,276,1759
22195,276,1847
22196,276,1763
22197,276,1899
22198,276,1956
22199,276,1937
22200,276,1949
22201,276,1870
22202,276,1843
22203,276,1963
22204,276,1955
22205,276,1768
22206,276,1869
22207,276,1913
22208,276,1938
22209,276,1757
22210,276,1898
22211,276,1762
22212,276,1855
22213,276,1914
22214,276,1960
22215,276,1967
22216,276,2294
22217,276,1867
22218,276,1851
22219,276,1907
22220,276,1896
22221,276,1861
22222,276,2285
22223,276,1856
22224,276,1868
22225,276,1939
22226,276,1911
22227,276,1940
22228,276,1760
22229,276,1749
22230,276,1858
22231,276,1864
22232,276,1865
22233,276,1941
22234,276,1942
22235,276,1770
22236,276,1943
22237,276,1972
22238,276,1954
22239,276,1747
22240,276,1965
22241,276,1852
22242,276,1902
22243,276,1751
22244,276,1897
22245,276,1769
22246,276,1748
22247,276,1766
22248,276,1853
22249,276,1754
22250,276,1916
22251,276,2286
22252,276,1961
22253,276,1857
22254,276,1944
22255,276,1951
22256,276,1945
22257,276,2287
22258,276,2293
22259,276,1755
22260,276,1919
22261,276,1859
22262,276,1878
22263,276,1946
22264,276,1947
22265,276,1862
22266,276,1906
22267,276,1758
22268,276,1761
22269,276,1973
22271,277,1885
22274,278,1890
22276,279,1835
22277,280,1837
22278,280,1832
22279,280,1839
22281,280,1828
22282,281,1921
22283,281,1928
22284,281,1930
22287,281,1935
22288,281,1939
22289,282,1831
22290,282,1833
22292,282,1825
22293,282,1842
22294,282,1845
22295,283,1817
22296,283,1923
22297,283,1848
22298,283,1811
22299,283,1924
22300,283,1776
22301,283,1819
22302,283,1877
22303,283,1824
22304,283,1813
22305,283,1821
22306,283,1778
22307,283,1787
22308,283,1777
22309,283,1774
22310,283,1820
22311,283,1775
22312,283,1822
22313,283,1782
22314,283,1909
22315,283,1805
22316,283,1798
22317,283,1876
22318,283,1781
22319,283,1829
22320,283,1815
22321,283,1851
22322,283,1780
22323,283,1940
22324,283,1943
22325,283,1814
22326,283,1807
22327,283,2289
22328,284,1818
22329,284,1838
22330,284,1844
22331,285,1784
22332,285,1922
22333,285,1836
22334,285,1843
22335,285,1846
22336,285,1771
22337,285,1795
22338,285,1926
22339,285,1803
22340,285,1788
22341,285,1801
22342,285,1830
22343,285,1929
22344,285,1802
22345,285,1809
22346,285,1792
22347,285,1779
22348,285,1933
22349,285,1773
22350,285,1827
22351,285,1880
22352,285,1789
22353,285,1783
22354,285,1927
22355,285,1947
22356,285,1936
22357,285,1810
22358,285,1790
22359,285,1785
22360,285,1797
22361,285,1938
22362,285,1873
22363,285,1874
22364,285,1823
22365,285,1816
22366,285,1808
22367,285,1806
22368,285,1872
22369,285,1875
22370,285,1826
22371,285,1942
22372,285,1770
22373,285,1747
22374,285,1944
22375,285,1945
22376,285,1799
22377,285,1800
22378,286,1863
22379,287,1796
22380,287,1977
22381,287,1950
22382,287,1920
22383,287,1962
22384,287,1765
22385,287,1959
22386,287,1756
22387,287,1971
22388,287,1970
22389,287,1968
22390,287,1767
22391,287,1975
22392,287,1958
22393,287,1976
22394,287,1752
22395,287,1948
22396,287,1750
22397,287,1772
22398,287,1974
22399,287,1953
22400,287,1966
22401,287,1934
22402,287,1978
22403,287,1973
22404,287,1957
22405,287,1946
22406,287,1753
22407,287,1764
22408,287,1964
22409,287,1952
22410,287,1759
22411,287,1763
22412,287,1956
22413,287,1949
22414,287,1955
22415,287,1768
22416,287,1793
22417,287,1757
22418,287,1762
22419,287,1960
22420,287,1867
22421,287,1868
22422,287,1969
22423,287,1760
22424,287,1864
22425,287,1954
22426,287,1965
22427,287,1751
22428,287,1769
22429,287,1748
22430,287,1766
22431,287,1754
22432,287,1961
22433,287,1951
22434,287,1755
22435,287,1862
22436,287,1758
22437,287,1761
22438,288,2283
22439,288,1905
22440,288,1794
22441,288,2284
22442,288,1910
22443,288,1889
22444,288,1912
22445,288,1854
22446,288,1882
22447,288,1893
22448,288,1884
22449,288,1786
22450,288,1879
22451,288,1979
22452,288,1908
22453,288,1850
22454,288,1917
22455,288,1895
22456,288,1849
22457,288,1903
22458,288,1915
22459,288,1901
22460,288,1871
22461,288,1866
22462,288,1904
22463,288,1883
22464,288,1900
22465,288,1881
22466,288,1847
22467,288,1899
22468,288,1870
22469,288,1963
22470,288,1869
22471,288,1913
22472,288,1898
22473,288,1855
22474,288,1914
22475,288,2294
22476,288,1907
22477,288,1896
22478,288,1861
22479,288,1856
22480,288,1911
22481,288,1865
22482,288,1972
22483,288,1852
22484,288,1902
22485,288,1897
22486,288,1853
22487,288,2286
22488,288,1857
22489,288,2287
22490,288,1894
22491,288,2293
22492,288,1919
22493,288,1859
22494,288,1878
22495,288,1906
22496,287,1967
22497,285,1925
22498,285,1841
22499,285,1804
22500,287,1916
22501,288,1918
22502,283,1812
22503,285,1791
22504,287,1749
22505,287,1858
22506,288,1860
22507,287,1937
22508,283,3091
22509,283,3092
22510,285,3093
22511,285,3094
22512,285,3095
22513,285,3097
22514,285,1941
22515,285,3099
22516,285,3100
22517,285,3101
22518,287,3102
22519,287,3103
22520,288,3104
22521,288,3105
22522,288,3106
22523,288,3107
22524,288,3108
22525,288,3109
22531,291,3078
22532,292,3110
22537,293,3115
22543,40,3127
22544,43,3129
22545,302,2171
22546,73,3185
22547,73,2172
22548,294,3131
22549,295,3130
22550,295,3167
22551,296,3163
22552,296,3133
22553,297,3132
22554,298,3134
22555,47,3125
22556,24,3097
22557,24,3095
22558,24,3100
22559,24,3099
22560,24,3096
22561,26,3091
22562,26,3092
22563,27,3093
22564,27,3104
22565,27,3105
22566,27,3106
22567,27,3103
22568,27,3094
22569,27,3108
22570,27,3109
22571,28,3102
22572,28,3101
22573,29,3107
22574,14,3095
22575,14,3097
22576,14,3096
22577,14,3099
22578,14,3100
22579,16,3091
22580,16,3092
22581,17,3093
22582,17,3104
22583,17,3105
22584,17,3106
22585,17,3103
22586,17,3094
22587,17,3108
22588,17,3109
22589,18,3102
22590,18,3101
22591,19,3107
22592,34,3095
22593,34,3097
22594,34,3096
22595,34,3099
22596,34,3100
22597,36,3091
22598,36,3092
22599,37,3093
22600,37,3104
22601,37,3105
22602,37,3106
22603,37,3103
22604,37,3094
22605,37,3108
22606,37,3109
22607,38,3102
22608,38,3101
22609,39,3107
22610,299,3197
22611,300,3197
22612,301,3197
22613,290,3197
